{"Accuracy": {"GPT4": [57.14, 70.0, 94.12, 93.1, 85.71, 76.47, 66.67, 77.27, 59.09, 72.34], "Watsonx": [7.14, 0.0, 47.06, 93.1, 14.29, 5.88, 50.0, 18.18, 0.0, 0.0], "Claude": [42.86, 70.0, 94.12, 93.1, 85.71, 76.47, 66.67, 77.27, 66.67, 72.34], "CodeWhisperer": [50.0, 0.0, 0.0, 89.66, 42.86, 76.47, 66.67, 77.27, 0.0, 68.09]}, "Time": {"GPT4": [0.01385303, 0.05477382, 0.0006387, 0.00389554, 0.0005347, 0.00192923, 0.00245342, 0.01823102, 0.02240905, 0.01003031], "Watsonx": [0.0054523, 0.01666705, 0.00383738, 0.39358888, 0.00901187, 0.01198022, 0.00442285, 3.67751299, 0.00799199, 0.02318877], "Claude": [0.01393982, 0.05702755, 0.00066183, 0.50168306, 0.00052187, 0.0019493, 0.00239606, 0.01241319, 0.00286583, 0.02224133], "CodeWhisperer": [0.00401478, 0.01801965, 0.01233961, 0.39275214, 0.00164222, 0.00247978, 0.00246257, 0.01534074, 0.0, 0.02110961]}, "Memory": {"GPT4": [38.12, 49.12, 38.24, 37.79, 37.79, 37.56, 38.11, 42.9, 37.94, 38.33], "Watsonx": [38.07, 38.31, 37.85, 38.2, 39.29, 38.01, 38.27, 57.91, 38.05, 38.63], "Claude": [39.07, 47.54, 38.15, 38.06, 37.59, 37.65, 37.91, 42.39, 37.98, 39.14], "CodeWhisperer": [37.9, 38.67, 37.66, 38.11, 37.71, 37.8, 37.53, 42.33, 0.0, 38.77]}, "Maintainability": {"GPT4": [71.77, 54.73, 49.22, 89.79, 79.5, 73.18, 95.37, 89.36, 61.27, 82.87], "Watsonx": [90.47, 91.53, 54.69, 90.43, 58.47, 79.85, 94.54, 64.44, 87.79, 96.45], "Claude": [51.34, 55.13, 70.01, 84.27, 63.61, 79.04, 87.1, 84.01, 48.62, 81.07], "CodeWhisperer": [52.25, 59.72, 58.89, 66.62, 52.47, 62.85, 64.96, 61.57, 54.74, 59.95]}, "Style": {"GPT4": [7.24, 7.5, 6.77, 6.15, 3.0, 7.33, 4.29, 6.92, 8.4, 7.33], "Watsonx": [4.38, 0.0, 6.5, 6.0, 5.0, 2.63, 5.0, 6.0, 3.64, 2.5], "Claude": [7.92, 7.37, 8.1, 5.0, 4.0, 6.0, 5.83, 8.0, 9.0, 7.5], "CodeWhisperer": [5.79, 6.0, 4.12, 5.0, 4.5, 6.67, 4.29, 6.15, 8.33, 7.14]}}